yyyymm,year,rf,mktrf,smb,hml
192607,1926,0.22,2.96,-2.3,-2.87
192608,1926,0.25,2.64,-1.4,4.19
192609,1926,0.23,0.36,-1.32,0.01
192610,1926,0.32,-3.24,0.04,0.51
192611,1926,0.31,2.53,-0.2,-0.35
192612,1926,0.28,2.62,-0.04,-0.02
192701,1927,0.25,-0.06,-0.56,4.83
192702,1927,0.26,4.18,-0.1,3.17
192703,1927,0.3,0.13,-1.6,-2.67
192704,1927,0.25,0.46,0.43,0.6
192705,1927,0.3,5.44,1.41,4.93
192706,1927,0.26,-2.34,0.47,-1.53
192707,1927,0.3,7.26,-3.23,-1.16
192708,1927,0.28,1.97,-0.72,-3.69
192709,1927,0.21,4.76,-3.57,-0.71
192710,1927,0.25,-4.31,2.13,-4.33
192711,1927,0.21,6.58,2.76,-0.31
192712,1927,0.22,2.09,0.93,-1.06
192801,1928,0.25,-0.68,4.25,-0.72
192802,1928,0.33,-1.7,-2.03,-0.69
192803,1928,0.29,8.81,-0.26,-1.2
192804,1928,0.22,4.23,3.82,3.67
192805,1928,0.32,1.52,2.98,-3.46
192806,1928,0.31,-4.85,-3.5,-0.06
192807,1928,0.32,0.62,-1.35,-0.47
192808,1928,0.32,6.68,-2.07,-2.11
192809,1928,0.27,2.88,2.18,0.76
192810,1928,0.41,1.33,2.27,-2.26
192811,1928,0.38,11.81,-1.81,2.8
192812,1928,0.06,0.36,-0.85,-0.6
192901,1929,0.34,4.66,-3.54,-1.21
192902,1929,0.36,-0.34,-0.39,1.68
192903,1929,0.34,-0.89,-4.78,1.56
192904,1929,0.36,1.43,-0.99,0.61
192905,1929,0.44,-6.39,-5.46,-1.57
192906,1929,0.52,9.7,-2.17,-2.76
192907,1929,0.33,4.46,-3.88,2.66
192908,1929,0.4,8.18,-9.52,0.06
192909,1929,0.35,-5.47,1.17,-0.63
192910,1929,0.46,-20.12,-4.08,7.85
192911,1929,0.37,-12.74,-1.91,5.33
192912,1929,0.37,1.33,-4.2,-0.59
193001,1930,0.14,5.61,3.58,-1.01
193002,1930,0.3,2.5,0.12,0.39
193003,1930,0.35,7.1,3.44,0.15
193004,1930,0.21,-2.06,-0.17,-0.84
193005,1930,0.26,-1.66,-2.04,-0.63
193006,1930,0.27,-16.27,-3.22,2
193007,1930,0.2,4.12,-0.37,-1.56
193008,1930,0.09,0.3,-2.22,-0.78
193009,1930,0.22,-12.75,-2.22,-5.27
193010,1930,0.09,-8.78,-0.1,-1.35
193011,1930,0.13,-3.04,2.21,-3.53
193012,1930,0.14,-7.83,-4.68,-5.39
193101,1931,0.15,6.24,3.81,7.21
193102,1931,0.04,10.88,3.39,1.6
193103,1931,0.13,-6.43,3.07,-3.65
193104,1931,0.08,-9.98,-4.61,-3.92
193105,1931,0.09,-13.24,5.16,-6.57
193106,1931,0.08,13.9,-5.38,11.3
193107,1931,0.06,-6.62,1.43,-2.1
193108,1931,0.03,0.41,-1.97,-1.49
193109,1931,0.03,-29.13,0.56,-6.75
193110,1931,0.1,8.04,-1.87,1.7
193111,1931,0.17,-9.08,4.3,-5.05
193112,1931,0.12,-13.53,-0.56,-8.86
193201,1932,0.23,-1.58,3.94,9.04
193202,1932,0.23,5.46,-2.77,-1.45
193203,1932,0.16,-11.21,2.27,-2.32
193204,1932,0.11,-17.96,1.44,1.42
193205,1932,0.06,-20.51,3.72,-3.28
193206,1932,0.02,-0.7,0.35,5.32
193207,1932,0.03,33.84,-4.44,35.46
193208,1932,0.03,37.06,14.29,33.03
193209,1932,0.03,-2.94,-2.43,-6.82
193210,1932,0.02,-13.17,-2.76,-10.04
193211,1932,0.02,-5.88,2.08,-13.28
193212,1932,0.01,4.4,-8.27,-8.17
193301,1933,0.01,1.25,0.69,6.23
193302,1933,-0.03,-15.24,-2.75,-2.73
193303,1933,0.04,3.29,3.9,7.38
193304,1933,0.1,38.85,4.56,17.43
193305,1933,0.04,21.43,36.7,19.03
193306,1933,0.02,13.11,8.67,-1.88
193307,1933,0.02,-9.63,-1.01,3.27
193308,1933,0.03,12.05,-5.45,2.96
193309,1933,0.02,-10.65,-0.32,-11.77
193310,1933,0.01,-8.36,-0.08,-8.46
193311,1933,0.02,9.97,-6.48,2.33
193312,1933,0.02,1.83,0.66,-1.53
193401,1934,0.05,12.6,12.53,15.54
193402,1934,0.02,-2.5,5.19,2.12
193403,1934,0.02,0.09,2.51,-2.73
193404,1934,0.01,-1.79,2.8,-3.75
193405,1934,0.01,-7.25,-0.26,-5.91
193406,1934,0.01,2.64,-2.14,-2.92
193407,1934,0.01,-10.96,-6.94,-10.66
193408,1934,0.01,5.58,5.42,0.5
193409,1934,0.01,-0.23,-1.52,-1.24
193410,1934,0.01,-1.66,1.24,-5.11
193411,1934,0.01,8.33,6.49,-2.24
193412,1934,0.01,0.36,3.08,-3.17
193501,1935,0.01,-3.45,1.07,-1.89
193502,1935,0.02,-1.94,0.42,-7.24
193503,1935,0.01,-3.68,-3.54,-5.06
193504,1935,0.01,9.06,-1.56,4.27
193505,1935,0.01,3.47,-3.34,2.61
193506,1935,0.01,5.93,-2.51,-1.65
193507,1935,0.01,7.51,1.47,6.86
193508,1935,0.01,2.65,6.28,5.7
193509,1935,0.01,2.63,1.57,-4.05
193510,1935,0.01,7.03,2.65,-2.33
193511,1935,0.02,4.88,4.3,11.91
193512,1935,0.01,4.56,0.22,1.07
193601,1936,0.01,6.89,5.1,10.51
193602,1936,0.01,2.49,1.14,5.04
193603,1936,0.02,0.99,0.66,-1.66
193604,1936,0.02,-8.14,-6.03,-2.08
193605,1936,0.02,5.19,0.81,2.63
193606,1936,0.03,2.4,-3.25,-1.2
193607,1936,0.01,6.67,1.14,2.56
193608,1936,0.02,0.99,0.72,3.99
193609,1936,0.01,0.98,3.07,0.88
193610,1936,0.02,7.12,-2.39,2.52
193611,1936,0.01,3.27,9.01,-0.92
193612,1936,0,0.21,3.61,3.96
193701,1937,0.01,3.35,4.31,2.61
193702,1937,0.02,1.09,1.23,5.05
193703,1937,0.01,-0.27,-1.78,6.39
193704,1937,0.03,-7.36,-3.77,-3.61
193705,1937,0.06,-0.83,-0.66,-3.49
193706,1937,0.03,-4.21,-3.65,-3.21
193707,1937,0.03,8.91,0.85,0.82
193708,1937,0.02,-4.86,0.42,-2.25
193709,1937,0.04,-13.61,-6.89,-4.57
193710,1937,0.02,-9.61,0.45,-1.62
193711,1937,0.02,-8.31,-3.65,0.2
193712,1937,0,-4.24,-7.76,-0.39
193801,1938,0,0.49,4.97,-1.6
193802,1938,0,5.84,0.35,-2.02
193803,1938,-0.01,-23.82,-4.24,-3.52
193804,1938,0.01,14.51,6.37,0.18
193805,1938,0,-3.83,-2.47,-0.28
193806,1938,0,23.87,4.05,0.3
193807,1938,-0.01,7.34,6.66,2.18
193808,1938,0,-2.67,-2.44,-4.72
193809,1938,0.02,0.81,-2.72,-1.62
193810,1938,0.01,7.8,5.83,5.01
193811,1938,-0.06,-1.72,-2.56,-1.23
193812,1938,0,4.19,-1.8,0.5
193901,1939,-0.01,-5.96,-1.56,-3.92
193902,1939,0.01,3.51,0.63,2.95
193903,1939,-0.01,-11.99,-4.76,-8.29
193904,1939,0,-0.18,1.66,-0.3
193905,1939,0.01,6.8,2.81,0.47
193906,1939,0.01,-5.31,-1.02,-5.41
193907,1939,0,10.24,4.32,-0.03
193908,1939,-0.01,-6.68,-4.61,-2.42
193909,1939,0.01,16.88,20.23,22.22
193910,1939,0,-0.53,-0.01,-4.89
193911,1939,0,-3.62,-5.07,-6.46
193912,1939,0,3.03,0.79,-4.06
194001,1940,0,-2.41,0.24,-0.77
194002,1940,0,1.44,2.51,-0.32
194003,1940,0,2.05,1.25,-1.27
194004,1940,0,0.22,3.92,-0.13
194005,1940,-0.02,-21.95,-6.66,-3.69
194006,1940,0,6.67,-2.13,4.63
194007,1940,0.01,3.16,1.01,-0.74
194008,1940,-0.01,2.19,-0.11,0.56
194009,1940,0,2.39,3.22,-1.13
194010,1940,0,3.02,0.28,4.64
194011,1940,0,-1.61,1.94,0.12
194012,1940,0,0.69,-2.15,-0.89
194101,1941,-0.01,-4.17,1,3.83
194102,1941,-0.01,-1.43,-1.57,0.89
194103,1941,0.01,0.84,0.1,3.04
194104,1941,-0.01,-5.46,-1.69,3.41
194105,1941,0,1.39,-0.66,0.6
194106,1941,0,5.83,1.32,0.59
194107,1941,0.03,5.87,5.7,7.25
194108,1941,0.01,-0.17,-0.41,-1.1
194109,1941,0.01,-0.87,-0.99,-0.28
194110,1941,0,-5.25,-2.02,1.63
194111,1941,0,-1.92,-1.21,-0.64
194112,1941,0.01,-4.87,-2.98,-5.94
194201,1942,0.02,0.79,7.52,10.1
194202,1942,0.01,-2.46,1.72,-1.13
194203,1942,0.01,-6.58,1.78,-0.62
194204,1942,0.01,-4.37,-0.6,2.09
194205,1942,0.03,5.94,-3.05,-2.65
194206,1942,0.02,2.69,-1.22,0.54
194207,1942,0.03,3.51,-0.16,2.4
194208,1942,0.03,1.8,-0.09,1.33
194209,1942,0.03,2.61,0.66,2.39
194210,1942,0.03,6.82,1.82,6.47
194211,1942,0.03,0.15,-1.54,-4.24
194212,1942,0.03,5.12,-2.49,0.56
194301,1943,0.03,7.13,8.78,8.23
194302,1943,0.03,6.15,4.84,6.51
194303,1943,0.03,6.01,5.03,5.48
194304,1943,0.03,0.81,2.06,5.86
194305,1943,0.03,5.74,4.41,3.28
194306,1943,0.03,1.82,-1.06,-0.74
194307,1943,0.03,-4.77,-2.41,-2.27
194308,1943,0.03,1.3,-0.62,-0.47
194309,1943,0.03,2.4,1.28,1.43
194310,1943,0.03,-1.15,0.58,1.65
194311,1943,0.03,-5.91,-1.64,-4.04
194312,1943,0.03,6.36,3.34,3.22
194401,1944,0.03,1.74,2.56,2.17
194402,1944,0.03,0.37,-0.1,0.83
194403,1944,0.02,2.46,1.71,3.43
194404,1944,0.03,-1.69,-1.35,-1.13
194405,1944,0.03,5.07,1.67,1.02
194406,1944,0.03,5.49,4.04,1.82
194407,1944,0.03,-1.49,0.55,-0.43
194408,1944,0.03,1.57,2.41,-1.63
194409,1944,0.02,0.01,0.47,-1.21
194410,1944,0.03,0.16,-0.14,-0.34
194411,1944,0.03,1.71,0.37,2.31
194412,1944,0.02,4.03,2.24,5.91
194501,1945,0.03,2.01,2.44,0.71
194502,1945,0.02,6.23,1.56,4.4
194503,1945,0.02,-3.89,-1.61,-1.78
194504,1945,0.03,7.8,0.32,3.21
194505,1945,0.03,1.73,1.51,0.35
194506,1945,0.02,0.39,3.1,4.32
194507,1945,0.03,-2.17,-1.46,-2.71
194508,1945,0.03,6.2,1.61,-4.4
194509,1945,0.03,4.77,1.71,0.48
194510,1945,0.03,3.89,2.46,2.25
194511,1945,0.02,5.39,4.16,4.34
194512,1945,0.03,1.2,2.12,-2.32
194601,1946,0.03,6.24,4.02,2.21
194602,1946,0.03,-5.83,-0.73,-1.27
194603,1946,0.03,5.87,0.31,-0.36
194604,1946,0.03,4.23,2.37,0.45
194605,1946,0.03,3.93,1.46,1.09
194606,1946,0.03,-3.89,-1.53,-0.59
194607,1946,0.03,-2.69,-2.06,0.04
194608,1946,0.03,-6.44,-1.78,0.6
194609,1946,0.03,-10.17,-4.41,-1.96
194610,1946,0.03,-1.44,0.09,3.44
194611,1946,0.03,-0.01,-0.4,1.52
194612,1946,0.03,4.96,0.06,-1.38
194701,1947,0.03,1.25,2.18,-0.73
194702,1947,0.03,-1.08,0.68,0.14
194703,1947,0.03,-1.67,-1.61,0.61
194704,1947,0.03,-4.8,-3.97,0.85
194705,1947,0.03,-0.97,-3.26,0.34
194706,1947,0.03,5.29,-0.31,-0.6
194707,1947,0.03,4.14,1.43,2.82
194708,1947,0.03,-1.74,0.3,0.16
194709,1947,0.06,-0.54,1.64,1.36
194710,1947,0.06,2.47,0.51,0.08
194711,1947,0.06,-1.97,-1.74,1.06
194712,1947,0.08,3,-2.48,3.69
194801,1948,0.07,-3.93,2.49,1.38
194802,1948,0.07,-4.38,-1.71,0.07
194803,1948,0.09,8.07,0.13,4.49
194804,1948,0.08,3.65,-1.66,4.1
194805,1948,0.08,7.3,0.93,-1.23
194806,1948,0.09,-0.1,-1.86,2.75
194807,1948,0.08,-5.09,-0.32,0.07
194808,1948,0.09,0.25,-1.1,0.27
194809,1948,0.04,-2.97,-1.23,-1.79
194810,1948,0.04,5.96,-1.5,0.56
194811,1948,0.04,-9.3,-0.62,-4.14
194812,1948,0.04,3.26,-2.8,-1.94
194901,1949,0.1,0.23,1.81,1.17
194902,1949,0.09,-2.93,-1.89,-0.91
194903,1949,0.1,4.04,2.48,1.34
194904,1949,0.09,-1.87,-0.89,-1.18
194905,1949,0.1,-2.94,-0.77,-2.42
194906,1949,0.1,0.1,-0.88,-1.76
194907,1949,0.09,5.54,0.57,0.38
194908,1949,0.09,2.6,0.13,-0.57
194909,1949,0.09,3.09,1.05,0.23
194910,1949,0.09,3.14,1.03,-0.49
194911,1949,0.08,1.82,-0.93,-0.91
194912,1949,0.09,5.13,2.07,1.75
195001,1950,0.09,1.7,3.36,0.14
195002,1950,0.09,1.48,0.04,-0.81
195003,1950,0.1,1.26,-1.41,-2.77
195004,1950,0.09,3.94,1.99,1.34
195005,1950,0.1,4.31,-2.12,0.46
195006,1950,0.1,-5.94,-2.38,-0.78
195007,1950,0.1,1.36,0.51,13.66
195008,1950,0.1,4.85,0.73,-1.41
195009,1950,0.1,4.81,0.57,-1.11
195010,1950,0.12,-0.18,-0.58,1.44
195011,1950,0.11,2.76,-0.84,3.17
195012,1950,0.11,5.54,1.49,7.23
195101,1951,0.13,5.7,1.73,3.72
195102,1951,0.1,1.41,0.09,-2.83
195103,1951,0.11,-2.15,-0.64,-4.22
195104,1951,0.13,4.86,-1.49,3.28
195105,1951,0.12,-2.34,-0.01,-1.33
195106,1951,0.12,-2.62,-1.95,-3.96
195107,1951,0.13,6.94,-1.99,2.01
195108,1951,0.13,4.27,0.99,-0.16
195109,1951,0.12,0.7,1.9,0.61
195110,1951,0.16,-2.53,-0.22,0.25
195111,1951,0.11,0.57,-0.29,-0.05
195112,1951,0.12,3.33,-2.25,-1.56
195201,1952,0.15,1.45,-0.61,1.54
195202,1952,0.12,-2.62,0.79,-0.61
195203,1952,0.11,4.44,-2.99,2.16
195204,1952,0.12,-4.97,0.48,-0.1
195205,1952,0.13,3.2,-1.01,0.08
195206,1952,0.15,3.83,-1.61,1.23
195207,1952,0.15,0.91,-0.4,-0.35
195208,1952,0.15,-0.76,1.18,0.03
195209,1952,0.16,-2.03,1.15,-1.51
195210,1952,0.14,-0.66,-1.06,-0.45
195211,1952,0.1,5.94,-0.71,0.95
195212,1952,0.16,2.93,-1.48,0.18
195301,1953,0.16,-0.34,3.58,1.32
195302,1953,0.14,-0.27,2.15,-0.08
195303,1953,0.18,-1.43,-0.19,-0.8
195304,1953,0.16,-2.83,0.28,1.53
195305,1953,0.17,0.52,-0.07,0.23
195306,1953,0.18,-1.89,-1.86,-0.47
195307,1953,0.15,2.4,-1.05,-0.24
195308,1953,0.17,-4.52,0.36,-3.54
195309,1953,0.16,0.2,-0.85,-2.42
195310,1953,0.13,4.6,-1.37,-0.19
195311,1953,0.08,2.83,-1.29,-0.17
195312,1953,0.13,0.03,-0.84,-2.84
195401,1954,0.11,5.13,0.46,3.51
195402,1954,0.07,1.67,-0.17,-0.28
195403,1954,0.08,3.65,-0.49,-1.46
195404,1954,0.09,4.27,-3.48,-0.37
195405,1954,0.05,3.09,0.39,2.46
195406,1954,0.06,1.07,0.41,-0.03
195407,1954,0.05,4.99,1.07,4.11
195408,1954,0.05,-2.34,2.66,-1.36
195409,1954,0.09,6.39,-2.54,0.66
195410,1954,0.07,-1.67,0.59,0.72
195411,1954,0.06,9.38,-2.62,4.36
195412,1954,0.08,5.48,2.14,5.71
195501,1955,0.08,0.6,0.25,2.18
195502,1955,0.09,3.02,1.54,0.62
195503,1955,0.1,-0.16,-0.66,1.95
195504,1955,0.1,3.11,-1.79,0.81
195505,1955,0.14,0.93,-0.29,-0.86
195506,1955,0.1,6.55,-4.65,1.92
195507,1955,0.1,1.9,-1.36,0.63
195508,1955,0.16,0.21,-0.38,0.58
195509,1955,0.16,-0.36,0.3,-1.06
195510,1955,0.18,-2.68,1.5,-0.03
195511,1955,0.17,7.03,-2.46,0.5
195512,1955,0.18,1.49,2.08,-2.24
195601,1956,0.22,-3.03,0.44,1.12
195602,1956,0.19,3.77,-1.04,-0.53
195603,1956,0.15,6.64,-2.42,-0.14
195604,1956,0.19,0.28,0.07,-0.18
195605,1956,0.23,-5.2,1.5,-1.33
195606,1956,0.2,3.48,-1.46,-1.32
195607,1956,0.22,4.84,-1.68,-0.01
195608,1956,0.17,-3.18,1.9,-0.71
195609,1956,0.18,-5.14,1.56,1.79
195610,1956,0.25,0.52,-0.09,-0.06
195611,1956,0.2,0.36,-0.22,1.78
195612,1956,0.24,3.16,-0.03,-2.1
195701,1957,0.27,-3.58,3.4,2.78
195702,1957,0.24,-2.06,-0.72,-0.73
195703,1957,0.23,2.13,0.27,-0.47
195704,1957,0.25,4.26,-1.6,-1.51
195705,1957,0.26,3.45,-1.07,-2.05
195706,1957,0.24,-0.74,0.55,0.01
195707,1957,0.3,0.66,-0.76,0.38
195708,1957,0.25,-5.11,0.06,-0.45
195709,1957,0.26,-5.98,0.08,0.88
195710,1957,0.29,-4.32,-2.52,-1.83
195711,1957,0.28,2.3,0.4,-2.9
195712,1957,0.24,-3.91,-0.93,-1.71
195801,1958,0.28,4.66,4.36,4.23
195802,1958,0.12,-1.52,0.7,0.28
195803,1958,0.09,3.27,0.63,-0.92
195804,1958,0.08,3.09,-0.59,1.46
195805,1958,0.11,2.31,2.24,-0.35
195806,1958,0.03,2.93,-0.24,0.5
195807,1958,0.07,4.39,0.47,3.12
195808,1958,0.04,1.91,1.19,0.29
195809,1958,0.19,4.66,0.15,2.96
195810,1958,0.18,2.53,1.13,-1.18
195811,1958,0.11,3.01,2.06,-1.29
195812,1958,0.22,5.15,-2.07,-0.05
195901,1959,0.21,0.71,3.02,2.98
195902,1959,0.19,0.95,1.49,1.05
195903,1959,0.22,0.28,1.48,-0.35
195904,1959,0.2,3.66,-0.58,-1.22
195905,1959,0.22,1.73,-2.15,1.87
195906,1959,0.25,-0.25,0.68,1.33
195907,1959,0.25,3.17,-0.32,0.26
195908,1959,0.19,-1.39,-0.78,0.44
195909,1959,0.31,-4.8,-0.09,0.57
195910,1959,0.3,1.28,1.43,-2.05
195911,1959,0.26,1.6,1.24,-3.27
195912,1959,0.34,2.45,-0.6,-0.03
196001,1960,0.33,-6.98,2.09,2.73
196002,1960,0.29,1.17,0.51,-1.99
196003,1960,0.35,-1.63,-0.51,-2.85
196004,1960,0.19,-1.71,0.31,-2.23
196005,1960,0.27,3.12,1.21,-3.76
196006,1960,0.24,2.08,-0.22,-0.34
196007,1960,0.13,-2.37,-0.52,2.03
196008,1960,0.17,3.01,0.9,-0.19
196009,1960,0.16,-5.99,-1.11,1.58
196010,1960,0.22,-0.71,-3.95,2.6
196011,1960,0.13,4.69,0.35,-2.45
196012,1960,0.16,4.71,-1.56,-0.79
196101,1961,0.19,6.2,0.66,3.7
196102,1961,0.14,3.57,3.98,-0.74
196103,1961,0.2,2.89,3.27,-0.77
196104,1961,0.17,0.29,0.1,2.05
196105,1961,0.18,2.4,1.95,0.48
196106,1961,0.2,-3.08,-2.47,-0.18
196107,1961,0.18,2.83,-1.88,-0.11
196108,1961,0.14,2.57,-1.75,-0.28
196109,1961,0.17,-2.15,-1.05,-0.58
196110,1961,0.19,2.57,-1.61,0.12
196111,1961,0.15,4.45,1.24,-1.19
196112,1961,0.19,-0.18,-0.83,1.83
196201,1962,0.24,-3.87,1.78,5.09
196202,1962,0.2,1.81,-1.16,0.85
196203,1962,0.2,-0.68,0.53,-1.43
196204,1962,0.22,-6.59,-0.68,0.03
196205,1962,0.24,-8.65,-3.33,2.78
196206,1962,0.2,-8.47,-0.57,2.54
196207,1962,0.27,6.28,1.49,-3.44
196208,1962,0.23,2.13,1.23,-1.19
196209,1962,0.21,-5.22,-2.43,1.23
196210,1962,0.25,-0.05,-3.97,1.29
196211,1962,0.2,10.87,2.61,1.01
196212,1962,0.23,1.01,-3.8,0.33
196301,1963,0.25,4.93,3.06,2.26
196302,1963,0.23,-2.38,0.5,2.21
196303,1963,0.23,3.08,-2.62,2.1
196304,1963,0.25,4.51,-1.31,1.01
196305,1963,0.24,1.76,1.12,2.5
196306,1963,0.23,-2,-0.25,0.7
196307,1963,0.27,-0.39,-0.56,-0.83
196308,1963,0.25,5.07,-0.94,1.67
196309,1963,0.27,-1.57,-0.31,0.18
196310,1963,0.29,2.53,-0.54,-0.1
196311,1963,0.27,-0.85,-1.13,1.71
196312,1963,0.29,1.83,-1.97,-0.12
196401,1964,0.3,2.24,-0.19,1.59
196402,1964,0.26,1.54,0.1,2.83
196403,1964,0.31,1.41,0.99,3.32
196404,1964,0.29,0.1,-1.37,-0.55
196405,1964,0.26,1.42,-0.9,1.98
196406,1964,0.3,1.27,-0.26,0.68
196407,1964,0.3,1.74,0.28,0.68
196408,1964,0.28,-1.44,0.09,0.09
196409,1964,0.28,2.69,-0.51,1.65
196410,1964,0.29,0.59,0.43,1.14
196411,1964,0.29,0,0.61,-1.98
196412,1964,0.31,0.03,-0.26,-2.55
196501,1965,0.28,3.54,2.7,0.18
196502,1965,0.3,0.44,3.48,0.22
196503,1965,0.36,-1.34,1.79,1.09
196504,1965,0.31,3.11,1.2,0.71
196505,1965,0.31,-0.77,0.04,-1.63
196506,1965,0.35,-5.51,-4.35,0.55
196507,1965,0.31,1.43,0.87,2.18
196508,1965,0.33,2.73,2.81,-0.96
196509,1965,0.31,2.86,0.61,-0.1
196510,1965,0.31,2.6,2.48,1.52
196511,1965,0.35,-0.03,4.68,0.21
196512,1965,0.33,1.01,2.08,1.95
196601,1966,0.38,0.72,3.89,3.49
196602,1966,0.35,-1.21,4.54,0.27
196603,1966,0.38,-2.51,0.94,-2.07
196604,1966,0.34,2.14,3.45,-0.54
196605,1966,0.41,-5.66,-4.7,-1.55
196606,1966,0.38,-1.44,1.02,0.5
196607,1966,0.35,-1.63,-0.44,0.96
196608,1966,0.41,-7.91,-3.23,0.47
196609,1966,0.4,-1.06,-1.07,0.53
196610,1966,0.45,3.86,-6.64,2.87
196611,1966,0.4,1.4,4.22,-4.46
196612,1966,0.4,0.13,1.86,-1.22
196701,1967,0.43,8.15,8.32,2.22
196702,1967,0.36,0.78,3.34,-2.17
196703,1967,0.39,3.99,1.63,0.31
196704,1967,0.32,3.89,0.62,-2.64
196705,1967,0.33,-4.33,1.98,0.8
196706,1967,0.27,2.41,5.96,0.96
196707,1967,0.31,4.58,3.08,2.65
196708,1967,0.31,-0.89,0.47,1.46
196709,1967,0.32,3.11,3.1,-2.47
196710,1967,0.39,-3.09,1.42,-3.39
196711,1967,0.36,0.37,0.2,-1.71
196712,1967,0.33,3.05,5.73,-0.39
196801,1968,0.4,-4.06,3.91,4.75
196802,1968,0.39,-3.75,-2.95,1.17
196803,1968,0.38,0.2,-1.28,-0.59
196804,1968,0.43,9.05,5.73,-1.03
196805,1968,0.45,2.28,6.43,0.84
196806,1968,0.43,0.69,-0.17,0.67
196807,1968,0.48,-2.72,-1.3,5.48
196808,1968,0.42,1.34,2.34,1
196809,1968,0.43,4.03,2.76,0.24
196810,1968,0.44,0.42,-0.47,2.89
196811,1968,0.42,5.43,2.36,-0.9
196812,1968,0.43,-3.94,3.44,0.02
196901,1969,0.53,-1.25,-0.78,1.69
196902,1969,0.46,-5.84,-3.89,0.9
196903,1969,0.46,2.64,-0.25,-0.46
196904,1969,0.53,1.46,-0.88,0.03
196905,1969,0.48,-0.1,-0.27,0.73
196906,1969,0.51,-7.18,-5.39,-1.09
196907,1969,0.53,-7,-3.21,1.42
196908,1969,0.5,4.68,0.94,-3.87
196909,1969,0.62,-2.98,1.2,-3.19
196910,1969,0.6,5.06,3.81,-3.19
196911,1969,0.52,-3.79,-2.53,-1.12
196912,1969,0.64,-2.63,-3.67,-3.02
197001,1970,0.6,-8.1,2.9,3.04
197002,1970,0.62,5.13,-2.4,4.04
197003,1970,0.57,-1.06,-2.32,4.25
197004,1970,0.5,-11,-6.11,6.39
197005,1970,0.53,-6.92,-4.52,3.6
197006,1970,0.58,-5.79,-2.16,0.87
197007,1970,0.52,6.93,-0.54,0.96
197008,1970,0.53,4.49,1.52,1.03
197009,1970,0.54,4.18,8.62,-5.58
197010,1970,0.46,-2.28,-4.28,0.27
197011,1970,0.46,4.59,-4.07,1.63
197012,1970,0.42,5.72,2.97,1.01
197101,1971,0.38,4.84,7.37,1.38
197102,1971,0.33,1.41,1.88,-1.29
197103,1971,0.3,4.13,2.54,-4.04
197104,1971,0.28,3.15,-0.49,0.72
197105,1971,0.29,-3.98,-1.1,-1.38
197106,1971,0.37,-0.1,-1.42,-2.06
197107,1971,0.4,-4.5,-1.5,0.17
197108,1971,0.47,3.79,-0.16,2.67
197109,1971,0.37,-0.85,0.41,-2.96
197110,1971,0.37,-4.42,-1.8,-0.43
197111,1971,0.37,-0.46,-2.85,-1.7
197112,1971,0.37,8.71,3.32,-0.35
197201,1972,0.29,2.49,6.12,1.99
197202,1972,0.25,2.87,1.37,-2.76
197203,1972,0.27,0.63,-0.27,-1.73
197204,1972,0.29,0.29,0.01,0.23
197205,1972,0.3,1.25,-2.79,-2.69
197206,1972,0.29,-2.43,0.33,-2.51
197207,1972,0.31,-0.8,-2.89,0.78
197208,1972,0.29,3.26,-4.09,4.69
197209,1972,0.34,-1.14,-2.67,0.47
197210,1972,0.4,0.52,-2.74,1.37
197211,1972,0.37,4.6,-1.11,4.76
197212,1972,0.37,0.62,-1.86,-2.27
197301,1973,0.44,-3.29,-3.48,2.68
197302,1973,0.41,-4.85,-3.99,1.7
197303,1973,0.46,-1.3,-2.82,2.78
197304,1973,0.52,-5.68,-3.99,5.69
197305,1973,0.51,-2.94,-6.12,0.21
197306,1973,0.51,-1.56,-2.95,1.44
197307,1973,0.64,5.05,7.91,-5.31
197308,1973,0.7,-3.82,-2.03,1.14
197309,1973,0.68,4.75,2.94,2.18
197310,1973,0.65,-0.83,-0.23,1.74
197311,1973,0.56,-12.75,-7.7,4.04
197312,1973,0.64,0.61,-5.29,4.09
197401,1974,0.63,-0.17,9.76,5.99
197402,1974,0.58,-0.47,0.05,2.54
197403,1974,0.56,-2.81,2.51,-0.11
197404,1974,0.75,-5.29,-0.71,1.06
197405,1974,0.75,-4.68,-3.01,-2.04
197406,1974,0.6,-2.83,-0.2,0.79
197407,1974,0.7,-8.05,0.92,5.14
197408,1974,0.6,-9.35,-0.68,2.5
197409,1974,0.81,-11.77,0.27,5.49
197410,1974,0.51,16.1,-3.51,-9.99
197411,1974,0.54,-4.51,-1.17,-0.16
197412,1974,0.7,-3.45,-4.84,0
197501,1975,0.58,13.66,11.01,8.44
197502,1975,0.43,5.56,0.16,-4.56
197503,1975,0.41,2.66,3.75,2.49
197504,1975,0.44,4.23,-0.54,-1.11
197505,1975,0.44,5.19,3.83,-4.02
197506,1975,0.41,4.83,0.76,1.32
197507,1975,0.48,-6.59,2.69,1.7
197508,1975,0.48,-2.85,-3.2,-0.9
197509,1975,0.53,-4.26,-0.13,0.34
197510,1975,0.56,5.31,-4.02,0.3
197511,1975,0.41,2.64,-1.19,1.99
197512,1975,0.48,-1.6,-0.76,1.76
197601,1976,0.47,12.16,4.8,8.58
197602,1976,0.34,0.32,7.03,5.78
197603,1976,0.4,2.32,-1.17,-0.04
197604,1976,0.42,-1.49,-0.03,-0.06
197605,1976,0.37,-1.34,-1.24,-1.32
197606,1976,0.43,4.05,-1.35,0.68
197607,1976,0.47,-1.07,0.31,1.74
197608,1976,0.42,-0.56,-2.01,0.79
197609,1976,0.44,2.07,-0.01,-0.29
197610,1976,0.41,-2.42,0.25,-0.13
197611,1976,0.4,0.36,2.32,1.51
197612,1976,0.4,5.65,3.01,2.22
197701,1977,0.36,-4.05,4.78,4.26
197702,1977,0.35,-1.94,1.08,0.5
197703,1977,0.38,-1.37,0.99,1.02
197704,1977,0.38,0.15,-0.12,3.45
197705,1977,0.37,-1.45,1.18,0.84
197706,1977,0.4,4.71,2.13,-0.64
197707,1977,0.42,-1.69,2.12,-0.59
197708,1977,0.44,-1.75,1.52,-2.79
197709,1977,0.43,-0.27,1.45,-0.49
197710,1977,0.49,-4.38,1.27,1.72
197711,1977,0.5,4,3.72,0.31
197712,1977,0.49,0.27,1.35,-0.37
197801,1978,0.49,-6.01,2.22,3.31
197802,1978,0.46,-1.38,3.59,0.76
197803,1978,0.53,2.85,3.48,1.2
197804,1978,0.54,7.88,0.4,-3.54
197805,1978,0.51,1.76,4.56,-0.62
197806,1978,0.54,-1.69,1.69,0.59
197807,1978,0.56,5.11,0.26,-1.11
197808,1978,0.56,3.75,5.06,-0.46
197809,1978,0.62,-1.43,-0.39,1.87
197810,1978,0.68,-11.91,-9.88,1.36
197811,1978,0.7,2.71,3.01,-2.22
197812,1978,0.78,0.88,1.24,-2.19
197901,1979,0.77,4.23,3.66,2.27
197902,1979,0.73,-3.56,0.45,1.2
197903,1979,0.81,5.68,3.19,-0.67
197904,1979,0.8,-0.06,2.18,1.05
197905,1979,0.82,-2.21,0.57,1.92
197906,1979,0.81,3.85,1.17,1.48
197907,1979,0.77,0.82,1.26,1.7
197908,1979,0.77,5.53,2.08,-1.55
197909,1979,0.83,-0.82,-0.25,-0.87
197910,1979,0.87,-8.1,-3.34,-1.86
197911,1979,0.99,5.21,2.74,-3.25
197912,1979,0.95,1.79,4.17,-1.98
198001,1980,0.8,5.51,1.65,1.8
198002,1980,0.89,-1.22,-1.82,0.62
198003,1980,1.21,-12.9,-6.64,-1.06
198004,1980,1.26,3.97,0.97,1.06
198005,1980,0.81,5.26,2.16,0.39
198006,1980,0.61,3.06,1.67,-0.89
198007,1980,0.53,6.49,4.25,-6.3
198008,1980,0.64,1.8,3.92,-2.64
198009,1980,0.75,2.19,0.89,-4.79
198010,1980,0.95,1.06,2.47,-2.74
198011,1980,0.96,9.59,-3.45,-8.35
198012,1980,1.31,-4.52,-0.28,2.68
198101,1981,1.04,-5.04,3,6.84
198102,1981,1.07,0.57,-0.31,0.97
198103,1981,1.21,3.56,3.58,0.67
198104,1981,1.08,-2.11,4.42,2.26
198105,1981,1.15,0.11,2,-0.43
198106,1981,1.35,-2.36,-0.85,5.13
198107,1981,1.24,-1.54,-2.18,-0.66
198108,1981,1.28,-7.04,-1.95,4.84
198109,1981,1.24,-7.17,-2.66,5.2
198110,1981,1.21,4.92,2.13,-4.21
198111,1981,1.07,3.36,-0.96,1.9
198112,1981,0.87,-3.65,1.17,0.74
198201,1982,0.8,-3.24,-1.29,3.17
198202,1982,0.92,-5.86,0.49,6.1
198203,1982,0.98,-1.87,-0.19,3.78
198204,1982,1.13,3.27,1.51,-2.78
198205,1982,1.06,-3.99,0.47,1.81
198206,1982,0.96,-3.09,-0.4,1.54
198207,1982,1.05,-3.19,0.84,0.15
198208,1982,0.76,11.14,-4.11,1.16
198209,1982,0.51,1.29,2.88,0.34
198210,1982,0.59,11.3,2.35,-3.68
198211,1982,0.63,4.67,4.77,-1.96
198212,1982,0.67,0.55,-0.18,0.01
198301,1983,0.69,3.6,2.7,-0.86
198302,1983,0.62,2.59,3.23,0.67
198303,1983,0.63,2.82,1.77,2.07
198304,1983,0.71,6.67,0.53,0.6
198305,1983,0.69,0.52,6.16,-1.4
198306,1983,0.67,3.07,0.91,-3.87
198307,1983,0.74,-4.07,1.46,5.62
198308,1983,0.76,-0.5,-4.3,5.55
198309,1983,0.76,0.91,0.56,1.09
198310,1983,0.76,-3.44,-3.6,5.06
198311,1983,0.7,2.16,2.04,-0.62
198312,1983,0.73,-1.78,-0.29,1.67
198401,1984,0.76,-1.92,-0.43,7.63
198402,1984,0.71,-4.82,-1.71,3.36
198403,1984,0.73,0.63,0.07,0.48
198404,1984,0.81,-0.51,-1.2,1.29
198405,1984,0.78,-5.97,0.03,0.26
198406,1984,0.75,1.82,-0.32,-2.6
198407,1984,0.82,-2.74,-2.21,0.49
198408,1984,0.83,10.28,-0.25,-1.85
198409,1984,0.86,-0.8,0.2,5.32
198410,1984,1,-0.84,-1.2,0.51
198411,1984,0.73,-1.76,-0.62,4.08
198412,1984,0.64,1.84,-0.6,-0.17
198501,1985,0.65,7.99,3.27,-5.43
198502,1985,0.58,1.22,0.76,-0.12
198503,1985,0.62,-0.84,-1.15,4.1
198504,1985,0.72,-0.96,0.14,3.73
198505,1985,0.66,5.09,-2.25,-0.86
198506,1985,0.55,1.27,0.65,0.7
198507,1985,0.62,-0.74,2.85,-1.63
198508,1985,0.55,-1.02,-0.34,2.28
198509,1985,0.6,-4.54,-1.58,1.32
198510,1985,0.65,4.02,-1.57,0.78
198511,1985,0.61,6.48,0.23,-2.87
198512,1985,0.65,3.88,-0.49,-1.53
198601,1986,0.56,0.65,1.22,0.53
198602,1986,0.53,7.13,-0.65,-0.94
198603,1986,0.6,4.88,-0.52,-0.44
198604,1986,0.52,-1.31,2.84,-2.85
198605,1986,0.49,4.62,-1.32,-0.11
198606,1986,0.52,1.03,-0.91,1.4
198607,1986,0.52,-6.45,-3.38,4.78
198608,1986,0.46,6.07,-4.17,3.52
198609,1986,0.45,-8.6,2.28,3.19
198610,1986,0.46,4.66,-2.48,-1.32
198611,1986,0.39,1.17,-1.92,-0.06
198612,1986,0.49,-3.27,0.08,0.37
198701,1987,0.42,12.47,-1.81,-3.18
198702,1987,0.43,4.39,3.49,-5.99
198703,1987,0.47,1.64,0.37,1.66
198704,1987,0.44,-2.11,-1.69,-0.33
198705,1987,0.38,0.11,-0.53,0.13
198706,1987,0.48,3.94,-2.18,1.07
198707,1987,0.46,3.85,-0.67,0.66
198708,1987,0.47,3.52,-0.72,-0.9
198709,1987,0.45,-2.59,0.52,0.28
198710,1987,0.6,-23.24,-8.43,4.23
198711,1987,0.35,-7.77,2.77,3.14
198712,1987,0.39,6.81,0.13,-4.49
198801,1988,0.29,4.21,-0.77,5.08
198802,1988,0.46,4.75,3.36,-1.65
198803,1988,0.44,-2.27,6.16,0.74
198804,1988,0.46,0.56,0.96,1.69
198805,1988,0.51,-0.29,-2.64,2.3
198806,1988,0.49,4.79,2.16,-1.07
198807,1988,0.51,-1.25,-0.21,2.27
198808,1988,0.59,-3.31,0.04,2.03
198809,1988,0.62,3.3,-1.25,-0.68
198810,1988,0.61,1.15,-2.9,1.71
198811,1988,0.57,-2.29,-1.74,1.24
198812,1988,0.63,1.49,1.95,-1.55
198901,1989,0.55,6.1,-2.14,0.51
198902,1989,0.61,-2.25,2.76,0.87
198903,1989,0.67,1.57,0.74,0.46
198904,1989,0.67,4.33,-0.59,-1.45
198905,1989,0.79,3.35,-0.04,-0.82
198906,1989,0.71,-1.35,-1.01,2.19
198907,1989,0.7,7.2,-4.02,-2.84
198908,1989,0.74,1.44,0.5,0.72
198909,1989,0.65,-0.76,0.28,-1.34
198910,1989,0.68,-3.67,-3.3,-1.03
198911,1989,0.69,1.03,-1.24,-1.12
198912,1989,0.61,1.16,-2.41,0.28
199001,1990,0.57,-7.85,-1.29,0.87
199002,1990,0.57,1.11,1.03,0.61
199003,1990,0.64,1.83,1.52,-2.9
199004,1990,0.69,-3.36,-0.5,-2.55
199005,1990,0.68,8.42,-2.57,-3.74
199006,1990,0.63,-1.09,1.43,-1.94
199007,1990,0.68,-1.9,-3.21,-0.01
199008,1990,0.66,-10.15,-3.58,1.58
199009,1990,0.6,-6.12,-3.67,0.73
199010,1990,0.68,-1.92,-5.51,0.22
199011,1990,0.57,6.35,0.33,-3.16
199012,1990,0.6,2.46,0.79,-1.54
199101,1991,0.52,4.69,3.79,-1.84
199102,1991,0.48,7.19,3.95,-0.54
199103,1991,0.44,2.65,3.89,-1.23
199104,1991,0.53,-0.28,0.5,1.42
199105,1991,0.47,3.65,-0.34,-0.57
199106,1991,0.42,-4.94,0.07,1.21
199107,1991,0.49,4.24,-0.93,-1.25
199108,1991,0.46,2.32,1.59,-0.78
199109,1991,0.46,-1.59,1.63,-1
199110,1991,0.42,1.29,0.9,-0.43
199111,1991,0.39,-4.19,-0.48,-1.93
199112,1991,0.38,10.84,-2.24,-4.03
199201,1992,0.34,-0.59,8.47,4.51
199202,1992,0.28,1.09,0.88,6.37
199203,1992,0.34,-2.66,-1.03,3.65
199204,1992,0.32,1.07,-6.12,4.31
199205,1992,0.28,0.3,0.39,1.28
199206,1992,0.32,-2.34,-3.09,3.4
199207,1992,0.31,3.77,-0.44,-0.53
199208,1992,0.26,-2.38,-0.12,-1.03
199209,1992,0.26,1.19,0.56,-0.21
199210,1992,0.23,1.02,2.05,-2.1
199211,1992,0.23,4.13,3.7,-1.48
199212,1992,0.28,1.53,1.64,2.52
199301,1993,0.23,0.93,2.03,5.87
199302,1993,0.22,0.12,-3.43,6.42
199303,1993,0.25,2.3,0.23,1.22
199304,1993,0.24,-3.05,-0.7,2.61
199305,1993,0.22,2.89,1.96,-3.41
199306,1993,0.25,0.31,-0.31,2.62
199307,1993,0.24,-0.34,0.93,3.25
199308,1993,0.25,3.71,0.31,-0.45
199309,1993,0.26,-0.12,3.11,-0.44
199310,1993,0.22,1.41,1.45,-1.54
199311,1993,0.25,-1.89,-1.42,-0.27
199312,1993,0.23,1.65,1.22,0.57
199401,1994,0.25,2.87,0.15,2.09
199402,1994,0.21,-2.55,2.73,-1.45
199403,1994,0.27,-4.78,-0.98,1.29
199404,1994,0.27,0.68,-0.92,1.68
199405,1994,0.31,0.58,-2.01,0.2
199406,1994,0.31,-3.03,-0.45,1.69
199407,1994,0.28,2.82,-1.72,0.62
199408,1994,0.37,4.01,1.34,-2.81
199409,1994,0.37,-2.31,2.83,-1.91
199410,1994,0.38,1.34,-2.35,-1.74
199411,1994,0.37,-4.04,0.26,-0.94
199412,1994,0.44,0.86,0.04,0.54
199501,1995,0.42,1.8,-2.65,0.81
199502,1995,0.4,3.63,-0.67,1.09
199503,1995,0.46,2.19,-0.69,-1.1
199504,1995,0.44,2.11,-0.63,2.27
199505,1995,0.54,2.9,-2.21,1.72
199506,1995,0.47,2.72,2.93,-2.28
199507,1995,0.45,3.72,2.09,-1.67
199508,1995,0.47,0.55,1.59,2.71
199509,1995,0.43,3.35,-2.11,-0.75
199510,1995,0.47,-1.52,-3.75,-0.74
199511,1995,0.42,3.96,-1.17,0.95
199512,1995,0.49,1.03,0.58,0.87
199601,1996,0.43,2.26,-2.62,0.3
199602,1996,0.39,1.33,1.88,-1.42
199603,1996,0.39,0.73,1.31,1.01
199604,1996,0.46,2.06,4.91,-3.91
199605,1996,0.42,2.36,3.05,-1.2
199606,1996,0.4,-1.14,-3.58,1.56
199607,1996,0.45,-5.97,-3.84,4.45
199608,1996,0.41,2.77,2.3,-0.46
199609,1996,0.44,5.01,-0.88,-3.15
199610,1996,0.42,0.86,-4.44,5.12
199611,1996,0.41,6.25,-3.89,1.16
199612,1996,0.46,-1.7,3.2,0.89
199701,1997,0.45,4.98,-1.84,-1.65
199702,1997,0.39,-0.49,-2.9,5.2
199703,1997,0.43,-5.02,-0.38,3.81
199704,1997,0.43,4.04,-5.65,-0.07
199705,1997,0.49,6.74,4.89,-3.87
199706,1997,0.37,4.1,1.33,1.23
199707,1997,0.43,7.33,-2.8,0.82
199708,1997,0.41,-4.15,7.31,1.38
199709,1997,0.44,5.35,2.61,0.01
199710,1997,0.42,-3.8,-0.68,1.95
199711,1997,0.39,2.98,-4.95,0.79
199712,1997,0.48,1.32,-2.35,3.45
199801,1998,0.43,0.15,-1.16,-1.45
199802,1998,0.39,7.04,0,-0.13
199803,1998,0.39,4.76,-0.93,1.05
199804,1998,0.43,0.73,0.2,0.74
199805,1998,0.4,-3.07,-3.74,4.16
199806,1998,0.41,3.18,-3.16,-2.33
199807,1998,0.4,-2.46,-5.12,-0.96
199808,1998,0.43,-16.08,-5.31,3.4
199809,1998,0.46,6.15,-0.14,-3.31
199810,1998,0.32,7.13,-3.29,-2.21
199811,1998,0.31,6.1,1.07,-3.15
199812,1998,0.38,6.16,-0.35,-4.46
199901,1999,0.35,3.5,0.37,-4.03
199902,1999,0.35,-4.08,-5.67,1.4
199903,1999,0.43,3.45,-3.93,-2.65
199904,1999,0.37,4.33,4,2.53
199905,1999,0.34,-2.46,3.42,2.4
199906,1999,0.4,4.77,3.05,-3.6
199907,1999,0.38,-3.49,2.67,-0.76
199908,1999,0.39,-1.38,-1.27,-1.31
199909,1999,0.39,-2.79,3.33,-3.4
199910,1999,0.39,6.12,-6.95,-2.88
199911,1999,0.36,3.37,7.37,-6.51
199912,1999,0.44,7.72,7.12,-8.74
200001,2000,0.41,-4.74,4.95,-0.29
200002,2000,0.43,2.45,21.7,-9.93
200003,2000,0.47,5.2,-16.86,7.38
200004,2000,0.46,-6.4,-7.73,8.61
200005,2000,0.5,-4.42,-5.11,2.56
200006,2000,0.4,4.64,13.85,-9.86
200007,2000,0.48,-2.51,-2.76,8.06
200008,2000,0.5,7.03,-1.15,-0.66
200009,2000,0.51,-5.45,-1.32,6.13
200010,2000,0.56,-2.76,-3.8,5.64
200011,2000,0.51,-10.72,-2.77,11.26
200012,2000,0.5,1.19,0.96,7.37
200101,2001,0.54,3.13,6.54,-4.86
200102,2001,0.38,-10.05,-0.72,12.87
200103,2001,0.42,-7.26,0.34,6.46
200104,2001,0.39,7.94,0.54,-4.72
200105,2001,0.32,0.72,2.59,3.18
200106,2001,0.28,-1.94,6.03,-1.03
200107,2001,0.3,-2.13,-4.35,5.57
200108,2001,0.31,-6.46,2.5,2.51
200109,2001,0.28,-9.25,-6.12,1.6
200110,2001,0.22,2.46,7.63,-8.1
200111,2001,0.17,7.54,-0.41,2.01
200112,2001,0.15,1.61,4.57,1.1
200201,2002,0.14,-1.44,1.19,3.33
200202,2002,0.13,-2.29,-1.1,2.5
200203,2002,0.13,4.24,4.23,1.1
200204,2002,0.15,-5.2,5.94,3.92
200205,2002,0.14,-1.38,-3.21,1.68
200206,2002,0.13,-7.21,4.27,0.12
200207,2002,0.15,-8.18,-5.3,-3.44
200208,2002,0.14,0.5,-2.44,2.52
200209,2002,0.14,-10.35,2.57,1.32
200210,2002,0.14,7.84,-2.91,-5.45
200211,2002,0.12,5.96,2.84,-1.12
200212,2002,0.11,-5.76,0.01,2.23
200301,2003,0.1,-2.57,1.39,-0.93
200302,2003,0.09,-1.88,-0.34,-1.45
200303,2003,0.1,1.09,0.89,-2.08
200304,2003,0.1,8.22,0.56,1.03
200305,2003,0.09,6.05,4.69,-0.29
200306,2003,0.1,1.42,1.67,0.68
200307,2003,0.07,2.35,5.24,-1.13
200308,2003,0.07,2.34,2.6,2.03
200309,2003,0.08,-1.24,0.8,0.01
200310,2003,0.07,6.08,2.68,1.77
200311,2003,0.07,1.35,2.02,1.85
200312,2003,0.08,4.29,-3,2.41
200401,2004,0.07,2.15,2.8,1.97
200402,2004,0.06,1.4,-1.43,0.5
200403,2004,0.09,-1.32,1.75,0.22
200404,2004,0.08,-1.83,-2.06,-2.62
200405,2004,0.06,1.17,-0.21,-0.39
200406,2004,0.08,1.86,2.26,1.39
200407,2004,0.1,-4.06,-3.81,4.12
200408,2004,0.11,0.08,-1.62,1.02
200409,2004,0.11,1.6,3.04,-0.25
200410,2004,0.11,1.43,0.31,-0.62
200411,2004,0.15,4.54,3.91,1.8
200412,2004,0.16,3.43,0.12,-0.07
200501,2005,0.16,-2.76,-1.51,1.96
200502,2005,0.16,1.89,-0.51,1.64
200503,2005,0.21,-1.97,-1.38,1.59
200504,2005,0.21,-2.61,-3.98,-0.35
200505,2005,0.24,3.65,2.88,-0.81
200506,2005,0.23,0.57,2.62,2.63
200507,2005,0.24,3.92,2.93,-0.51
200508,2005,0.3,-1.22,-0.92,1.27
200509,2005,0.29,0.49,-0.58,0.76
200510,2005,0.27,-2.02,-1.21,0.23
200511,2005,0.31,3.61,0.91,-1.19
200512,2005,0.32,-0.25,-0.45,0.44
200601,2006,0.35,3.04,5.41,1.12
200602,2006,0.34,-0.3,-0.37,-0.25
200603,2006,0.37,1.46,3.55,0.6
200604,2006,0.36,0.73,-1.34,2.6
200605,2006,0.43,-3.57,-3.04,2.55
200606,2006,0.4,-0.35,-0.35,0.88
200607,2006,0.4,-0.78,-4.07,2.94
200608,2006,0.42,2.03,0.9,-1.71
200609,2006,0.41,1.84,-1.37,0.05
200610,2006,0.41,3.23,1.72,-0.04
200611,2006,0.42,1.71,0.86,0.07
200612,2006,0.4,0.87,-1.1,3.15
200701,2007,0.44,1.4,0.11,-0.11
200702,2007,0.38,-1.96,1.32,-0.09
200703,2007,0.43,0.68,-0.05,-0.22
200704,2007,0.44,3.49,-2.07,-1.15
200705,2007,0.41,3.24,0.02,-0.04
200706,2007,0.4,-1.96,0.78,-1.12
200707,2007,0.4,-3.73,-2.51,-3.33
200708,2007,0.42,0.92,-0.13,-2.24
200709,2007,0.32,3.22,-2.29,-1.86
200710,2007,0.32,1.8,0.22,-2.6
200711,2007,0.34,-4.83,-2.62,-1.18
200712,2007,0.27,-0.87,0.2,-0.51
200801,2008,0.21,-6.36,-0.9,3.65
200802,2008,0.13,-3.09,-0.24,-0.94
200803,2008,0.17,-0.93,0.95,-0.14
200804,2008,0.18,4.6,-1.64,-0.95
200805,2008,0.18,1.86,3.22,-1.38
200806,2008,0.17,-8.44,1.28,-2.42
200807,2008,0.15,-0.77,2.45,5.88
200808,2008,0.13,1.53,3.61,1.52
200809,2008,0.15,-9.24,-1.16,6.33
200810,2008,0.08,-17.23,-2.32,-2.89
200811,2008,0.03,-7.86,-2.96,-6.02
200812,2008,0,1.74,3.61,-0.25
200901,2009,0,-8.12,0.08,-11.18
200902,2009,0.01,-10.1,0.22,-7.27
200903,2009,0.02,8.95,-0.08,3.56
200904,2009,0.01,10.19,4.77,5.53
200905,2009,0,5.21,-2.34,-0.23
200906,2009,0.01,0.43,2.62,-2.72
200907,2009,0.01,7.72,2.07,5.28
200908,2009,0.01,3.33,-0.9,7.75
200909,2009,0.01,4.08,2.46,0.93
200910,2009,0,-2.59,-4.23,-4.18
200911,2009,0,5.56,-2.5,-0.17
200912,2009,0.01,2.75,6.1,0
201001,2010,0,-3.36,0.38,0.3
201002,2010,0,3.4,1.21,3.16
201003,2010,0.01,6.31,1.43,2.11
201004,2010,0.01,2,4.97,2.81
201005,2010,0.01,-7.89,0.05,-2.38
201006,2010,0.01,-5.56,-1.97,-4.5
201007,2010,0.01,6.93,0.17,-0.26
201008,2010,0.01,-4.77,-3,-1.95
201009,2010,0.01,9.54,3.92,-3.13
201010,2010,0.01,3.88,1.13,-2.6
201011,2010,0.01,0.6,3.7,-0.9
201012,2010,0.01,6.82,0.69,3.82
201101,2011,0.01,1.99,-2.47,0.82
201102,2011,0.01,3.49,1.53,1.1
201103,2011,0.01,0.45,2.6,-1.58
201104,2011,0,2.9,-0.34,-2.52
201105,2011,0,-1.27,-0.7,-2.08
201106,2011,0,-1.75,-0.16,-0.32
201107,2011,0,-2.36,-1.35,-1.21
201108,2011,0.01,-5.99,-3.05,-2.48
201109,2011,0,-7.59,-3.53,-1.41
201110,2011,0,11.35,3.42,-0.18
201111,2011,0,-0.28,-0.17,-0.34
201112,2011,0,0.74,-0.7,1.77
201201,2012,0,5.05,2.15,-1.13
201202,2012,0,4.42,-1.75,0.08
201203,2012,0,3.11,-0.62,0.92
201204,2012,0,-0.85,-0.52,-0.48
201205,2012,0.01,-6.19,0,-0.59
201206,2012,0,3.89,0.76,0.44
201207,2012,0,0.79,-2.61,-0.27
201208,2012,0.01,2.55,0.4,1.31
201209,2012,0.01,2.73,0.49,1.53
201210,2012,0.01,-1.76,-1.15,3.79
201211,2012,0.01,0.78,0.59,-0.97
201212,2012,0.01,1.18,1.48,3.58
201301,2013,0,5.57,0.39,0.95
201302,2013,0,1.29,-0.45,0.03
201303,2013,0,4.03,0.81,-0.3
201304,2013,0,1.55,-2.42,0.62
201305,2013,0,2.8,1.66,2.6
201306,2013,0,-1.2,1.17,-0.17
201307,2013,0,5.65,1.86,0.56
201308,2013,0,-2.71,0.31,-2.78
201309,2013,0,3.77,2.92,-1.19
201310,2013,0,4.18,-1.51,1.14
201311,2013,0,3.12,1.22,0.24
201312,2013,0,2.81,-0.5,-0.31
201401,2014,0,-3.32,0.85,-2.09
201402,2014,0,4.65,0.34,-0.4
201403,2014,0,0.43,-1.89,5.09
201404,2014,0,-0.19,-4.24,1.14
201405,2014,0,2.06,-1.86,-0.27
201406,2014,0,2.61,3.08,-0.74
201407,2014,0,-2.04,-4.24,0.01
201408,2014,0,4.24,0.36,-0.59
201409,2014,0,-1.97,-3.83,-1.23
201410,2014,0,2.52,4.21,-1.7
201411,2014,0,2.55,-2.09,-3
201412,2014,0,-0.06,2.54,2.07
201501,2015,0,-3.11,-0.56,-3.48
201502,2015,0,6.13,0.48,-1.79
201503,2015,0,-1.12,3.03,-0.45
201504,2015,0,0.59,-2.98,1.85
201505,2015,0,1.36,0.87,-1.37
201506,2015,0,-1.53,2.83,-0.79
201507,2015,0,1.54,-4.15,-4.12
201508,2015,0,-6.04,0.49,2.66
201509,2015,0,-3.08,-2.64,0.53
201510,2015,0,7.75,-1.97,-0.07
201511,2015,0,0.56,3.64,-0.5
201512,2015,0.01,-2.17,-2.83,-2.6
201601,2016,0.01,-5.77,-3.35,2.07
201602,2016,0.02,-0.07,0.79,-0.49
201603,2016,0.02,6.96,0.87,1.16
201604,2016,0.01,0.92,0.68,3.28
201605,2016,0.01,1.78,-0.27,-1.81
201606,2016,0.02,-0.05,0.65,-1.47
201607,2016,0.02,3.95,2.64,-1.11
201608,2016,0.02,0.5,1.16,3.34
201609,2016,0.02,0.25,2.02,-1.49
201610,2016,0.02,-2.02,-4.39,4.16
201611,2016,0.01,4.86,5.47,8.29
201612,2016,0.03,1.82,0.1,3.58
201701,2017,0.04,1.94,-1.04,-2.78
201702,2017,0.04,3.57,-2.02,-1.79
201703,2017,0.03,0.17,1.2,-3.17
201704,2017,0.05,1.09,0.71,-1.87
201705,2017,0.06,1.06,-2.54,-3.78
201706,2017,0.06,0.78,2.16,1.35
201707,2017,0.07,1.87,-1.41,-0.28
201708,2017,0.09,0.16,-1.67,-2.24
201709,2017,0.09,2.51,4.55,3.03
201710,2017,0.09,2.25,-1.94,-0.05
201711,2017,0.08,3.12,-0.66,-0.05
201712,2017,0.09,1.06,-1.28,0.14
201801,2018,0.11,5.58,-3.04,-1.38
201802,2018,0.11,-3.65,0.25,-1.19
201803,2018,0.12,-2.35,3.95,-0.12
201804,2018,0.14,0.29,1.12,0.54
201805,2018,0.14,2.65,5.23,-3.16
201806,2018,0.14,0.48,1.18,-2.38
201807,2018,0.16,3.19,-2.18,0.4
201808,2018,0.16,3.44,1.15,-4.08
201809,2018,0.15,0.06,-2.37,-1.3
201810,2018,0.19,-7.68,-4.76,3.44
201811,2018,0.18,1.69,-0.79,0.25
201812,2018,0.19,-9.55,-2.63,-1.47
201901,2019,0.21,8.41,3.01,-0.62
201902,2019,0.18,3.4,2.06,-2.84
201903,2019,0.19,1.1,-3.13,-4.07
201904,2019,0.21,3.96,-1.68,1.93
201905,2019,0.21,-6.94,-1.2,-2.39
201906,2019,0.18,6.93,0.33,-1.08
201907,2019,0.19,1.19,-2.07,0.14
201908,2019,0.16,-2.58,-2.41,-4.99
201909,2019,0.18,1.44,-0.89,6.73